{"v":"5.6.9","fr":30,"ip":0,"op":600,"w":860,"h":770,"nm":"payment_declined_auth Animation","ddd":0,"assets":[],"layers":[{"ddd":0,"ind":1,"ty":4,"nm":"Shield Outlines","sr":1,"ks":{"o":{"a":0,"k":100},"r":{"a":0,"k":0},"p":{"a":1,"k":[{"i":{"x":0.5,"y":1},"o":{"x":0.5,"y":0},"t":0,"s":[429.699,415,0],"e":[429.699,348,0],"to":[0,-11.167,0],"ti":[0,0,0]},{"i":{"x":0.5,"y":1},"o":{"x":0.5,"y":0},"t":60,"s":[429.699,348,0],"e":[429.699,415,0],"to":[0,0,0],"ti":[0,0,0]},{"i":{"x":0.5,"y":1},"o":{"x":0.5,"y":0},"t":120,"s":[429.699,415,0],"e":[429.699,348,0],"to":[0,0,0],"ti":[0,0,0]},{"i":{"x":0.5,"y":1},"o":{"x":0.5,"y":0},"t":180,"s":[429.699,348,0],"e":[429.699,415,0],"to":[0,0,0],"ti":[0,0,0]},{"i":{"x":0.5,"y":1},"o":{"x":0.5,"y":0},"t":240,"s":[429.699,415,0],"e":[429.699,348,0],"to":[0,0,0],"ti":[0,0,0]},{"i":{"x":0.5,"y":1},"o":{"x":0.5,"y":0},"t":300,"s":[429.699,348,0],"e":[429.699,415,0],"to":[0,0,0],"ti":[0,0,0]},{"i":{"x":0.5,"y":1},"o":{"x":0.5,"y":0},"t":360,"s":[429.699,415,0],"e":[429.699,348,0],"to":[0,0,0],"ti":[0,0,0]},{"i":{"x":0.5,"y":1},"o":{"x":0.5,"y":0},"t":420,"s":[429.699,348,0],"e":[429.699,415,0],"to":[0,0,0],"ti":[0,0,0]},{"i":{"x":0.5,"y":1},"o":{"x":0.5,"y":0},"t":480,"s":[429.699,415,0],"e":[429.699,348,0],"to":[0,0,0],"ti":[0,0,0]},{"i":{"x":0.5,"y":1},"o":{"x":0.5,"y":0},"t":540,"s":[429.699,348,0],"e":[429.699,415,0],"to":[0,0,0],"ti":[0,-11.167,0]},{"t":600}]},"a":{"a":0,"k":[429.699,383.892,0]},"s":{"a":0,"k":[100,100,100]}},"ao":0,"shapes":[{"ty":"gr","it":[{"ind":0,"ty":"sh","ks":{"a":0,"k":{"i":[[0,0],[0,0],[0,0],[-1.549,-1.072],[0,0]],"o":[[0,0],[0,0],[1.53,1.083],[269.702,-186.717],[0,0]],"v":[[-132.546,-347.501],[-137.156,-344.664],[-137.156,344.263],[-132.546,347.501],[137.156,-181.53]],"c":true}},"nm":"Path 1","hd":false},{"ty":"fl","c":{"a":0,"k":[0.290333271027,0.281138032675,0.396078437567,1]},"o":{"a":0,"k":75},"r":1,"bm":0,"nm":"Fill 1","hd":false},{"ty":"tr","p":{"a":0,"k":[565.556,387.464]},"a":{"a":0,"k":[0,0]},"s":{"a":0,"k":[100,100]},"r":{"a":0,"k":0},"o":{"a":0,"k":100},"sk":{"a":0,"k":0},"sa":{"a":0,"k":0},"nm":"Transform"}],"nm":"Group 2","bm":0,"hd":false},{"ty":"gr","it":[{"ind":0,"ty":"sh","ks":{"a":0,"k":{"i":[[0,0],[0,0],[-269.702,-186.717],[0,0]],"o":[[0,0],[0,0],[269.702,-186.717],[0,0]],"v":[[0,-347.501],[-269.702,-181.53],[0,347.501],[269.702,-181.53]],"c":true}},"nm":"Path 1","hd":false},{"ty":"fl","c":{"a":0,"k":[0.246999987434,0.238999998803,0.337000020345,1]},"o":{"a":0,"k":100},"r":1,"bm":0,"nm":"Fill 1","hd":false},{"ty":"tr","p":{"a":0,"k":[431.399,387.464]},"a":{"a":0,"k":[0,0]},"s":{"a":0,"k":[100,100]},"r":{"a":0,"k":0},"o":{"a":0,"k":100},"sk":{"a":0,"k":0},"sa":{"a":0,"k":0},"nm":"Transform"}],"nm":"Group 1","bm":0,"hd":false}],"ip":0,"op":600,"st":0,"bm":0},{"ddd":0,"ind":2,"ty":4,"nm":"Background design Outlines","sr":1,"ks":{"o":{"a":0,"k":100},"r":{"a":0,"k":0},"p":{"a":0,"k":[429.699,388.521,0]},"a":{"a":0,"k":[429.699,383.892,0]},"s":{"a":0,"k":[97,97,100]}},"ao":0,"shapes":[{"ty":"gr","it":[{"ind":0,"ty":"sh","ks":{"a":0,"k":{"i":[[0,0],[0,0],[0,0],[0,0],[0,0],[0,0]],"o":[[0,0],[0,0],[0,0],[0,0],[0,0],[0,0]],"v":[[-8.054,-1.879],[-1.612,4.027],[7.516,-9.397],[10.739,-6.712],[-1.612,9.397],[-10.74,-0.805]],"c":true}},"nm":"Path 1","hd":false},{"ty":"fl","c":{"a":0,"k":[0.277999997606,0.902000038297,0.694000004787,1]},"o":{"a":0,"k":100},"r":1,"bm":0,"nm":"Fill 1","hd":false},{"ty":"tr","p":{"a":0,"k":[803.66,124.897]},"a":{"a":0,"k":[0,0]},"s":{"a":1,"k":[{"i":{"x":[0.667,0.667],"y":[1,1]},"o":{"x":[0.333,0.333],"y":[0,0]},"t":0,"s":[100,100],"e":[170,170]},{"i":{"x":[0.667,0.667],"y":[1,1]},"o":{"x":[0.333,0.333],"y":[0,0]},"t":60,"s":[170,170],"e":[100,100]},{"i":{"x":[0.667,0.667],"y":[1,1]},"o":{"x":[0.333,0.333],"y":[0,0]},"t":120,"s":[100,100],"e":[170,170]},{"i":{"x":[0.667,0.667],"y":[1,1]},"o":{"x":[0.333,0.333],"y":[0,0]},"t":180,"s":[170,170],"e":[100,100]},{"i":{"x":[0.667,0.667],"y":[1,1]},"o":{"x":[0.333,0.333],"y":[0,0]},"t":240,"s":[100,100],"e":[170,170]},{"i":{"x":[0.667,0.667],"y":[1,1]},"o":{"x":[0.333,0.333],"y":[0,0]},"t":300,"s":[170,170],"e":[100,100]},{"i":{"x":[0.667,0.667],"y":[1,1]},"o":{"x":[0.333,0.333],"y":[0,0]},"t":360,"s":[100,100],"e":[170,170]},{"i":{"x":[0.667,0.667],"y":[1,1]},"o":{"x":[0.333,0.333],"y":[0,0]},"t":420,"s":[170,170],"e":[100,100]},{"i":{"x":[0.667,0.667],"y":[1,1]},"o":{"x":[0.333,0.333],"y":[0,0]},"t":480,"s":[100,100],"e":[170,170]},{"i":{"x":[0.667,0.667],"y":[1,1]},"o":{"x":[0.333,0.333],"y":[0,0]},"t":540,"s":[170,170],"e":[100,100]},{"t":600}]},"r":{"a":0,"k":0},"o":{"a":0,"k":100},"sk":{"a":0,"k":0},"sa":{"a":0,"k":0},"nm":"Transform"}],"nm":"Group 1","bm":0,"hd":false},{"ty":"gr","it":[{"ind":0,"ty":"sh","ks":{"a":0,"k":{"i":[[0,0],[0,0],[0,0],[0,0]],"o":[[0,0],[0,0],[0,0],[0,0]],"v":[[8.5,1.5],[-8.5,1.5],[-8.5,-1.5],[8.5,-1.5]],"c":true}},"nm":"Path 1","hd":false},{"ty":"fl","c":{"a":0,"k":[0.277999997606,0.902000038297,0.694000004787,1]},"o":{"a":0,"k":100},"r":1,"bm":0,"nm":"Fill 1","hd":false},{"ty":"tr","p":{"a":0,"k":[710.899,404.5]},"a":{"a":0,"k":[0,0]},"s":{"a":1,"k":[{"i":{"x":[0.667,0.667],"y":[1,1]},"o":{"x":[0.333,0.333],"y":[0,0]},"t":0,"s":[100,100],"e":[170,170]},{"i":{"x":[0.667,0.667],"y":[1,1]},"o":{"x":[0.333,0.333],"y":[0,0]},"t":60,"s":[170,170],"e":[100,100]},{"i":{"x":[0.667,0.667],"y":[1,1]},"o":{"x":[0.333,0.333],"y":[0,0]},"t":120,"s":[100,100],"e":[170,170]},{"i":{"x":[0.667,0.667],"y":[1,1]},"o":{"x":[0.333,0.333],"y":[0,0]},"t":180,"s":[170,170],"e":[100,100]},{"i":{"x":[0.667,0.667],"y":[1,1]},"o":{"x":[0.333,0.333],"y":[0,0]},"t":240,"s":[100,100],"e":[170,170]},{"i":{"x":[0.667,0.667],"y":[1,1]},"o":{"x":[0.333,0.333],"y":[0,0]},"t":300,"s":[170,170],"e":[100,100]},{"i":{"x":[0.667,0.667],"y":[1,1]},"o":{"x":[0.333,0.333],"y":[0,0]},"t":360,"s":[100,100],"e":[170,170]},{"i":{"x":[0.667,0.667],"y":[1,1]},"o":{"x":[0.333,0.333],"y":[0,0]},"t":420,"s":[170,170],"e":[100,100]},{"i":{"x":[0.667,0.667],"y":[1,1]},"o":{"x":[0.333,0.333],"y":[0,0]},"t":480,"s":[100,100],"e":[170,170]},{"i":{"x":[0.667,0.667],"y":[1,1]},"o":{"x":[0.333,0.333],"y":[0,0]},"t":540,"s":[170,170],"e":[100,100]},{"t":600}]},"r":{"a":0,"k":0},"o":{"a":0,"k":100},"sk":{"a":0,"k":0},"sa":{"a":0,"k":0},"nm":"Transform"}],"nm":"Group 2","bm":0,"hd":false},{"ty":"gr","it":[{"ind":0,"ty":"sh","ks":{"a":0,"k":{"i":[[0,0],[0,0],[0,0],[0,0]],"o":[[0,0],[0,0],[0,0],[0,0]],"v":[[-1.5,-8.5],[1.5,-8.5],[1.5,8.5],[-1.5,8.5]],"c":true}},"nm":"Path 1","hd":false},{"ty":"fl","c":{"a":0,"k":[0.277999997606,0.902000038297,0.694000004787,1]},"o":{"a":0,"k":100},"r":1,"bm":0,"nm":"Fill 1","hd":false},{"ty":"tr","p":{"a":0,"k":[710.899,404.5]},"a":{"a":0,"k":[0,0]},"s":{"a":1,"k":[{"i":{"x":[0.667,0.667],"y":[1,1]},"o":{"x":[0.333,0.333],"y":[0,0]},"t":0,"s":[100,100],"e":[170,170]},{"i":{"x":[0.667,0.667],"y":[1,1]},"o":{"x":[0.333,0.333],"y":[0,0]},"t":60,"s":[170,170],"e":[100,100]},{"i":{"x":[0.667,0.667],"y":[1,1]},"o":{"x":[0.333,0.333],"y":[0,0]},"t":120,"s":[100,100],"e":[170,170]},{"i":{"x":[0.667,0.667],"y":[1,1]},"o":{"x":[0.333,0.333],"y":[0,0]},"t":180,"s":[170,170],"e":[100,100]},{"i":{"x":[0.667,0.667],"y":[1,1]},"o":{"x":[0.333,0.333],"y":[0,0]},"t":240,"s":[100,100],"e":[170,170]},{"i":{"x":[0.667,0.667],"y":[1,1]},"o":{"x":[0.333,0.333],"y":[0,0]},"t":300,"s":[170,170],"e":[100,100]},{"i":{"x":[0.667,0.667],"y":[1,1]},"o":{"x":[0.333,0.333],"y":[0,0]},"t":360,"s":[100,100],"e":[170,170]},{"i":{"x":[0.667,0.667],"y":[1,1]},"o":{"x":[0.333,0.333],"y":[0,0]},"t":420,"s":[170,170],"e":[100,100]},{"i":{"x":[0.667,0.667],"y":[1,1]},"o":{"x":[0.333,0.333],"y":[0,0]},"t":480,"s":[100,100],"e":[170,170]},{"i":{"x":[0.667,0.667],"y":[1,1]},"o":{"x":[0.333,0.333],"y":[0,0]},"t":540,"s":[170,170],"e":[100,100]},{"t":600}]},"r":{"a":0,"k":0},"o":{"a":0,"k":100},"sk":{"a":0,"k":0},"sa":{"a":0,"k":0},"nm":"Transform"}],"nm":"Group 3","bm":0,"hd":false},{"ty":"gr","it":[{"ind":0,"ty":"sh","ks":{"a":0,"k":{"i":[[0,0],[0,0],[0,0],[0,0]],"o":[[0,0],[0,0],[0,0],[0,0]],"v":[[8.5,1.5],[-8.5,1.5],[-8.5,-1.5],[8.5,-1.5]],"c":true}},"nm":"Path 1","hd":false},{"ty":"fl","c":{"a":0,"k":[0.277999997606,0.902000038297,0.694000004787,1]},"o":{"a":0,"k":100},"r":1,"bm":0,"nm":"Fill 1","hd":false},{"ty":"tr","p":{"a":0,"k":[27.899,710.5]},"a":{"a":0,"k":[0,0]},"s":{"a":1,"k":[{"i":{"x":[0.667,0.667],"y":[1,1]},"o":{"x":[0.333,0.333],"y":[0,0]},"t":0,"s":[100,100],"e":[170,170]},{"i":{"x":[0.667,0.667],"y":[1,1]},"o":{"x":[0.333,0.333],"y":[0,0]},"t":60,"s":[170,170],"e":[100,100]},{"i":{"x":[0.667,0.667],"y":[1,1]},"o":{"x":[0.333,0.333],"y":[0,0]},"t":120,"s":[100,100],"e":[170,170]},{"i":{"x":[0.667,0.667],"y":[1,1]},"o":{"x":[0.333,0.333],"y":[0,0]},"t":180,"s":[170,170],"e":[100,100]},{"i":{"x":[0.667,0.667],"y":[1,1]},"o":{"x":[0.333,0.333],"y":[0,0]},"t":240,"s":[100,100],"e":[170,170]},{"i":{"x":[0.667,0.667],"y":[1,1]},"o":{"x":[0.333,0.333],"y":[0,0]},"t":300,"s":[170,170],"e":[100,100]},{"i":{"x":[0.667,0.667],"y":[1,1]},"o":{"x":[0.333,0.333],"y":[0,0]},"t":360,"s":[100,100],"e":[170,170]},{"i":{"x":[0.667,0.667],"y":[1,1]},"o":{"x":[0.333,0.333],"y":[0,0]},"t":420,"s":[170,170],"e":[100,100]},{"i":{"x":[0.667,0.667],"y":[1,1]},"o":{"x":[0.333,0.333],"y":[0,0]},"t":480,"s":[100,100],"e":[170,170]},{"i":{"x":[0.667,0.667],"y":[1,1]},"o":{"x":[0.333,0.333],"y":[0,0]},"t":540,"s":[170,170],"e":[100,100]},{"t":600}]},"r":{"a":0,"k":0},"o":{"a":0,"k":100},"sk":{"a":0,"k":0},"sa":{"a":0,"k":0},"nm":"Transform"}],"nm":"Group 4","bm":0,"hd":false},{"ty":"gr","it":[{"ind":0,"ty":"sh","ks":{"a":0,"k":{"i":[[0,0],[0,0],[0,0],[0,0]],"o":[[0,0],[0,0],[0,0],[0,0]],"v":[[-1.5,-8.5],[1.5,-8.5],[1.5,8.5],[-1.5,8.5]],"c":true}},"nm":"Path 1","hd":false},{"ty":"fl","c":{"a":0,"k":[0.277999997606,0.902000038297,0.694000004787,1]},"o":{"a":0,"k":100},"r":1,"bm":0,"nm":"Fill 1","hd":false},{"ty":"tr","p":{"a":0,"k":[27.899,710.5]},"a":{"a":0,"k":[0,0]},"s":{"a":1,"k":[{"i":{"x":[0.667,0.667],"y":[1,1]},"o":{"x":[0.333,0.333],"y":[0,0]},"t":0,"s":[100,100],"e":[170,170]},{"i":{"x":[0.667,0.667],"y":[1,1]},"o":{"x":[0.333,0.333],"y":[0,0]},"t":60,"s":[170,170],"e":[100,100]},{"i":{"x":[0.667,0.667],"y":[1,1]},"o":{"x":[0.333,0.333],"y":[0,0]},"t":120,"s":[100,100],"e":[170,170]},{"i":{"x":[0.667,0.667],"y":[1,1]},"o":{"x":[0.333,0.333],"y":[0,0]},"t":180,"s":[170,170],"e":[100,100]},{"i":{"x":[0.667,0.667],"y":[1,1]},"o":{"x":[0.333,0.333],"y":[0,0]},"t":240,"s":[100,100],"e":[170,170]},{"i":{"x":[0.667,0.667],"y":[1,1]},"o":{"x":[0.333,0.333],"y":[0,0]},"t":300,"s":[170,170],"e":[100,100]},{"i":{"x":[0.667,0.667],"y":[1,1]},"o":{"x":[0.333,0.333],"y":[0,0]},"t":360,"s":[100,100],"e":[170,170]},{"i":{"x":[0.667,0.667],"y":[1,1]},"o":{"x":[0.333,0.333],"y":[0,0]},"t":420,"s":[170,170],"e":[100,100]},{"i":{"x":[0.667,0.667],"y":[1,1]},"o":{"x":[0.333,0.333],"y":[0,0]},"t":480,"s":[100,100],"e":[170,170]},{"i":{"x":[0.667,0.667],"y":[1,1]},"o":{"x":[0.333,0.333],"y":[0,0]},"t":540,"s":[170,170],"e":[100,100]},{"t":600}]},"r":{"a":0,"k":0},"o":{"a":0,"k":100},"sk":{"a":0,"k":0},"sa":{"a":0,"k":0},"nm":"Transform"}],"nm":"Group 5","bm":0,"hd":false},{"ty":"gr","it":[{"ind":0,"ty":"sh","ks":{"a":0,"k":{"i":[[0,0],[0,0],[0,0],[0,0]],"o":[[0,0],[0,0],[0,0],[0,0]],"v":[[8.5,1.5],[-8.5,1.5],[-8.5,-1.5],[8.5,-1.5]],"c":true}},"nm":"Path 1","hd":false},{"ty":"fl","c":{"a":0,"k":[0.277999997606,0.902000038297,0.694000004787,1]},"o":{"a":0,"k":100},"r":1,"bm":0,"nm":"Fill 1","hd":false},{"ty":"tr","p":{"a":0,"k":[595.899,674.5]},"a":{"a":0,"k":[0,0]},"s":{"a":1,"k":[{"i":{"x":[0.667,0.667],"y":[1,1]},"o":{"x":[0.333,0.333],"y":[0,0]},"t":0,"s":[100,100],"e":[170,170]},{"i":{"x":[0.667,0.667],"y":[1,1]},"o":{"x":[0.333,0.333],"y":[0,0]},"t":60,"s":[170,170],"e":[100,100]},{"i":{"x":[0.667,0.667],"y":[1,1]},"o":{"x":[0.333,0.333],"y":[0,0]},"t":120,"s":[100,100],"e":[170,170]},{"i":{"x":[0.667,0.667],"y":[1,1]},"o":{"x":[0.333,0.333],"y":[0,0]},"t":180,"s":[170,170],"e":[100,100]},{"i":{"x":[0.667,0.667],"y":[1,1]},"o":{"x":[0.333,0.333],"y":[0,0]},"t":240,"s":[100,100],"e":[170,170]},{"i":{"x":[0.667,0.667],"y":[1,1]},"o":{"x":[0.333,0.333],"y":[0,0]},"t":300,"s":[170,170],"e":[100,100]},{"i":{"x":[0.667,0.667],"y":[1,1]},"o":{"x":[0.333,0.333],"y":[0,0]},"t":360,"s":[100,100],"e":[170,170]},{"i":{"x":[0.667,0.667],"y":[1,1]},"o":{"x":[0.333,0.333],"y":[0,0]},"t":420,"s":[170,170],"e":[100,100]},{"i":{"x":[0.667,0.667],"y":[1,1]},"o":{"x":[0.333,0.333],"y":[0,0]},"t":480,"s":[100,100],"e":[170,170]},{"i":{"x":[0.667,0.667],"y":[1,1]},"o":{"x":[0.333,0.333],"y":[0,0]},"t":540,"s":[170,170],"e":[100,100]},{"t":600}]},"r":{"a":0,"k":0},"o":{"a":0,"k":100},"sk":{"a":0,"k":0},"sa":{"a":0,"k":0},"nm":"Transform"}],"nm":"Group 6","bm":0,"hd":false},{"ty":"gr","it":[{"ind":0,"ty":"sh","ks":{"a":0,"k":{"i":[[0,0],[0,0],[0,0],[0,0]],"o":[[0,0],[0,0],[0,0],[0,0]],"v":[[-1.5,-8.5],[1.5,-8.5],[1.5,8.5],[-1.5,8.5]],"c":true}},"nm":"Path 1","hd":false},{"ty":"fl","c":{"a":0,"k":[0.277999997606,0.902000038297,0.694000004787,1]},"o":{"a":0,"k":100},"r":1,"bm":0,"nm":"Fill 1","hd":false},{"ty":"tr","p":{"a":0,"k":[595.899,674.5]},"a":{"a":0,"k":[0,0]},"s":{"a":1,"k":[{"i":{"x":[0.667,0.667],"y":[1,1]},"o":{"x":[0.333,0.333],"y":[0,0]},"t":0,"s":[100,100],"e":[170,170]},{"i":{"x":[0.667,0.667],"y":[1,1]},"o":{"x":[0.333,0.333],"y":[0,0]},"t":60,"s":[170,170],"e":[100,100]},{"i":{"x":[0.667,0.667],"y":[1,1]},"o":{"x":[0.333,0.333],"y":[0,0]},"t":120,"s":[100,100],"e":[170,170]},{"i":{"x":[0.667,0.667],"y":[1,1]},"o":{"x":[0.333,0.333],"y":[0,0]},"t":180,"s":[170,170],"e":[100,100]},{"i":{"x":[0.667,0.667],"y":[1,1]},"o":{"x":[0.333,0.333],"y":[0,0]},"t":240,"s":[100,100],"e":[170,170]},{"i":{"x":[0.667,0.667],"y":[1,1]},"o":{"x":[0.333,0.333],"y":[0,0]},"t":300,"s":[170,170],"e":[100,100]},{"i":{"x":[0.667,0.667],"y":[1,1]},"o":{"x":[0.333,0.333],"y":[0,0]},"t":360,"s":[100,100],"e":[170,170]},{"i":{"x":[0.667,0.667],"y":[1,1]},"o":{"x":[0.333,0.333],"y":[0,0]},"t":420,"s":[170,170],"e":[100,100]},{"i":{"x":[0.667,0.667],"y":[1,1]},"o":{"x":[0.333,0.333],"y":[0,0]},"t":480,"s":[100,100],"e":[170,170]},{"i":{"x":[0.667,0.667],"y":[1,1]},"o":{"x":[0.333,0.333],"y":[0,0]},"t":540,"s":[170,170],"e":[100,100]},{"t":600}]},"r":{"a":0,"k":0},"o":{"a":0,"k":100},"sk":{"a":0,"k":0},"sa":{"a":0,"k":0},"nm":"Transform"}],"nm":"Group 7","bm":0,"hd":false},{"ty":"gr","it":[{"ind":0,"ty":"sh","ks":{"a":0,"k":{"i":[[0,0],[0,0],[0,0],[0,0]],"o":[[0,0],[0,0],[0,0],[0,0]],"v":[[8.5,1.5],[-8.5,1.5],[-8.5,-1.5],[8.5,-1.5]],"c":true}},"nm":"Path 1","hd":false},{"ty":"fl","c":{"a":0,"k":[0.277999997606,0.902000038297,0.694000004787,1]},"o":{"a":0,"k":100},"r":1,"bm":0,"nm":"Fill 1","hd":false},{"ty":"tr","p":{"a":0,"k":[584.899,8.5]},"a":{"a":0,"k":[0,0]},"s":{"a":1,"k":[{"i":{"x":[0.667,0.667],"y":[1,1]},"o":{"x":[0.333,0.333],"y":[0,0]},"t":0,"s":[100,100],"e":[170,170]},{"i":{"x":[0.667,0.667],"y":[1,1]},"o":{"x":[0.333,0.333],"y":[0,0]},"t":60,"s":[170,170],"e":[100,100]},{"i":{"x":[0.667,0.667],"y":[1,1]},"o":{"x":[0.333,0.333],"y":[0,0]},"t":120,"s":[100,100],"e":[170,170]},{"i":{"x":[0.667,0.667],"y":[1,1]},"o":{"x":[0.333,0.333],"y":[0,0]},"t":180,"s":[170,170],"e":[100,100]},{"i":{"x":[0.667,0.667],"y":[1,1]},"o":{"x":[0.333,0.333],"y":[0,0]},"t":240,"s":[100,100],"e":[170,170]},{"i":{"x":[0.667,0.667],"y":[1,1]},"o":{"x":[0.333,0.333],"y":[0,0]},"t":300,"s":[170,170],"e":[100,100]},{"i":{"x":[0.667,0.667],"y":[1,1]},"o":{"x":[0.333,0.333],"y":[0,0]},"t":360,"s":[100,100],"e":[170,170]},{"i":{"x":[0.667,0.667],"y":[1,1]},"o":{"x":[0.333,0.333],"y":[0,0]},"t":420,"s":[170,170],"e":[100,100]},{"i":{"x":[0.667,0.667],"y":[1,1]},"o":{"x":[0.333,0.333],"y":[0,0]},"t":480,"s":[100,100],"e":[170,170]},{"i":{"x":[0.667,0.667],"y":[1,1]},"o":{"x":[0.333,0.333],"y":[0,0]},"t":540,"s":[170,170],"e":[100,100]},{"t":600}]},"r":{"a":0,"k":0},"o":{"a":0,"k":100},"sk":{"a":0,"k":0},"sa":{"a":0,"k":0},"nm":"Transform"}],"nm":"Group 8","bm":0,"hd":false},{"ty":"gr","it":[{"ind":0,"ty":"sh","ks":{"a":0,"k":{"i":[[0,0],[0,0],[0,0],[0,0]],"o":[[0,0],[0,0],[0,0],[0,0]],"v":[[-1.5,-8.5],[1.5,-8.5],[1.5,8.5],[-1.5,8.5]],"c":true}},"nm":"Path 1","hd":false},{"ty":"fl","c":{"a":0,"k":[0.277999997606,0.902000038297,0.694000004787,1]},"o":{"a":0,"k":100},"r":1,"bm":0,"nm":"Fill 1","hd":false},{"ty":"tr","p":{"a":0,"k":[584.899,8.5]},"a":{"a":0,"k":[0,0]},"s":{"a":1,"k":[{"i":{"x":[0.667,0.667],"y":[1,1]},"o":{"x":[0.333,0.333],"y":[0,0]},"t":0,"s":[100,100],"e":[170,170]},{"i":{"x":[0.667,0.667],"y":[1,1]},"o":{"x":[0.333,0.333],"y":[0,0]},"t":60,"s":[170,170],"e":[100,100]},{"i":{"x":[0.667,0.667],"y":[1,1]},"o":{"x":[0.333,0.333],"y":[0,0]},"t":120,"s":[100,100],"e":[170,170]},{"i":{"x":[0.667,0.667],"y":[1,1]},"o":{"x":[0.333,0.333],"y":[0,0]},"t":180,"s":[170,170],"e":[100,100]},{"i":{"x":[0.667,0.667],"y":[1,1]},"o":{"x":[0.333,0.333],"y":[0,0]},"t":240,"s":[100,100],"e":[170,170]},{"i":{"x":[0.667,0.667],"y":[1,1]},"o":{"x":[0.333,0.333],"y":[0,0]},"t":300,"s":[170,170],"e":[100,100]},{"i":{"x":[0.667,0.667],"y":[1,1]},"o":{"x":[0.333,0.333],"y":[0,0]},"t":360,"s":[100,100],"e":[170,170]},{"i":{"x":[0.667,0.667],"y":[1,1]},"o":{"x":[0.333,0.333],"y":[0,0]},"t":420,"s":[170,170],"e":[100,100]},{"i":{"x":[0.667,0.667],"y":[1,1]},"o":{"x":[0.333,0.333],"y":[0,0]},"t":480,"s":[100,100],"e":[170,170]},{"i":{"x":[0.667,0.667],"y":[1,1]},"o":{"x":[0.333,0.333],"y":[0,0]},"t":540,"s":[170,170],"e":[100,100]},{"t":600}]},"r":{"a":0,"k":0},"o":{"a":0,"k":100},"sk":{"a":0,"k":0},"sa":{"a":0,"k":0},"nm":"Transform"}],"nm":"Group 9","bm":0,"hd":false},{"ty":"gr","it":[{"ind":0,"ty":"sh","ks":{"a":0,"k":{"i":[[-3.313,0],[0,-3.314],[3.313,0],[0,3.313]],"o":[[3.313,0],[0,3.313],[-3.313,0],[0,-3.314]],"v":[[0,-6],[6,0],[0,6],[-6,0]],"c":true}},"nm":"Path 1","hd":false},{"ty":"fl","c":{"a":0,"k":[0.277999997606,0.902000038297,0.694000004787,1]},"o":{"a":0,"k":100},"r":1,"bm":0,"nm":"Fill 1","hd":false},{"ty":"tr","p":{"a":0,"k":[853.399,332]},"a":{"a":0,"k":[0,0]},"s":{"a":1,"k":[{"i":{"x":[0.667,0.667],"y":[1,1]},"o":{"x":[0.333,0.333],"y":[0,0]},"t":0,"s":[100,100],"e":[170,170]},{"i":{"x":[0.667,0.667],"y":[1,1]},"o":{"x":[0.333,0.333],"y":[0,0]},"t":60,"s":[170,170],"e":[100,100]},{"i":{"x":[0.667,0.667],"y":[1,1]},"o":{"x":[0.333,0.333],"y":[0,0]},"t":120,"s":[100,100],"e":[170,170]},{"i":{"x":[0.667,0.667],"y":[1,1]},"o":{"x":[0.333,0.333],"y":[0,0]},"t":180,"s":[170,170],"e":[100,100]},{"i":{"x":[0.667,0.667],"y":[1,1]},"o":{"x":[0.333,0.333],"y":[0,0]},"t":240,"s":[100,100],"e":[170,170]},{"i":{"x":[0.667,0.667],"y":[1,1]},"o":{"x":[0.333,0.333],"y":[0,0]},"t":300,"s":[170,170],"e":[100,100]},{"i":{"x":[0.667,0.667],"y":[1,1]},"o":{"x":[0.333,0.333],"y":[0,0]},"t":360,"s":[100,100],"e":[170,170]},{"i":{"x":[0.667,0.667],"y":[1,1]},"o":{"x":[0.333,0.333],"y":[0,0]},"t":420,"s":[170,170],"e":[100,100]},{"i":{"x":[0.667,0.667],"y":[1,1]},"o":{"x":[0.333,0.333],"y":[0,0]},"t":480,"s":[100,100],"e":[170,170]},{"i":{"x":[0.667,0.667],"y":[1,1]},"o":{"x":[0.333,0.333],"y":[0,0]},"t":540,"s":[170,170],"e":[100,100]},{"t":600}]},"r":{"a":0,"k":0},"o":{"a":0,"k":100},"sk":{"a":0,"k":0},"sa":{"a":0,"k":0},"nm":"Transform"}],"nm":"Group 10","bm":0,"hd":false},{"ty":"gr","it":[{"ind":0,"ty":"sh","ks":{"a":0,"k":{"i":[[-3.314,0],[0,-3.314],[3.313,0],[0,3.313]],"o":[[3.313,0],[0,3.313],[-3.314,0],[0,-3.314]],"v":[[0,-6],[6,0],[0,6],[-6,0]],"c":true}},"nm":"Path 1","hd":false},{"ty":"fl","c":{"a":0,"k":[0.277999997606,0.902000038297,0.694000004787,1]},"o":{"a":0,"k":100},"r":1,"bm":0,"nm":"Fill 1","hd":false},{"ty":"tr","p":{"a":0,"k":[79.399,284]},"a":{"a":0,"k":[0,0]},"s":{"a":1,"k":[{"i":{"x":[0.667,0.667],"y":[1,1]},"o":{"x":[0.333,0.333],"y":[0,0]},"t":0,"s":[100,100],"e":[170,170]},{"i":{"x":[0.667,0.667],"y":[1,1]},"o":{"x":[0.333,0.333],"y":[0,0]},"t":60,"s":[170,170],"e":[100,100]},{"i":{"x":[0.667,0.667],"y":[1,1]},"o":{"x":[0.333,0.333],"y":[0,0]},"t":120,"s":[100,100],"e":[170,170]},{"i":{"x":[0.667,0.667],"y":[1,1]},"o":{"x":[0.333,0.333],"y":[0,0]},"t":180,"s":[170,170],"e":[100,100]},{"i":{"x":[0.667,0.667],"y":[1,1]},"o":{"x":[0.333,0.333],"y":[0,0]},"t":240,"s":[100,100],"e":[170,170]},{"i":{"x":[0.667,0.667],"y":[1,1]},"o":{"x":[0.333,0.333],"y":[0,0]},"t":300,"s":[170,170],"e":[100,100]},{"i":{"x":[0.667,0.667],"y":[1,1]},"o":{"x":[0.333,0.333],"y":[0,0]},"t":360,"s":[100,100],"e":[170,170]},{"i":{"x":[0.667,0.667],"y":[1,1]},"o":{"x":[0.333,0.333],"y":[0,0]},"t":420,"s":[170,170],"e":[100,100]},{"i":{"x":[0.667,0.667],"y":[1,1]},"o":{"x":[0.333,0.333],"y":[0,0]},"t":480,"s":[100,100],"e":[170,170]},{"i":{"x":[0.667,0.667],"y":[1,1]},"o":{"x":[0.333,0.333],"y":[0,0]},"t":540,"s":[170,170],"e":[100,100]},{"t":600}]},"r":{"a":0,"k":0},"o":{"a":0,"k":100},"sk":{"a":0,"k":0},"sa":{"a":0,"k":0},"nm":"Transform"}],"nm":"Group 11","bm":0,"hd":false},{"ty":"gr","it":[{"ind":0,"ty":"sh","ks":{"a":0,"k":{"i":[[0.128,0.053],[-0.545,1.785],[-0.011,0.139],[1.016,0.062],[0.372,-0.493],[0.054,-0.128],[1.786,0.545],[0.139,0.011],[0.062,-1.016],[-0.493,-0.372],[-0.128,-0.054],[0.544,-1.786],[0.011,-0.139],[-1.016,-0.061],[-0.372,0.494],[-0.053,0.128],[-1.785,-0.544],[-0.139,-0.011],[-0.062,1.016],[0.493,0.372]],"o":[[-1.711,-0.746],[0.042,-0.132],[0.061,-1.016],[-0.617,-0.037],[-0.082,0.112],[-0.745,1.711],[-0.132,-0.042],[-1.015,-0.061],[-0.037,0.617],[0.113,0.082],[1.711,0.745],[-0.043,0.132],[-0.062,1.015],[0.617,0.038],[0.082,-0.112],[0.746,-1.712],[0.132,0.043],[1.015,0.062],[0.037,-0.617],[-0.112,-0.082]],"v":[[5.595,0.113],[3.548,-4.328],[3.628,-4.736],[1.9,-6.687],[0.317,-5.957],[0.113,-5.595],[-4.328,-3.548],[-4.736,-3.628],[-6.687,-1.9],[-5.957,-0.317],[-5.595,-0.113],[-3.547,4.328],[-3.627,4.736],[-1.9,6.686],[-0.317,5.956],[-0.113,5.595],[4.328,3.547],[4.736,3.627],[6.687,1.9],[5.957,0.317]],"c":true}},"nm":"Path 1","hd":false},{"ty":"fl","c":{"a":0,"k":[0.301999978458,0.541000007181,0.941000007181,1]},"o":{"a":0,"k":100},"r":1,"bm":0,"nm":"Fill 1","hd":false},{"ty":"tr","p":{"a":0,"k":[6.695,182.844]},"a":{"a":0,"k":[0,0]},"s":{"a":1,"k":[{"i":{"x":[0.667,0.667],"y":[1,1]},"o":{"x":[0.333,0.333],"y":[0,0]},"t":0,"s":[100,100],"e":[170,170]},{"i":{"x":[0.667,0.667],"y":[1,1]},"o":{"x":[0.333,0.333],"y":[0,0]},"t":60,"s":[170,170],"e":[100,100]},{"i":{"x":[0.667,0.667],"y":[1,1]},"o":{"x":[0.333,0.333],"y":[0,0]},"t":120,"s":[100,100],"e":[170,170]},{"i":{"x":[0.667,0.667],"y":[1,1]},"o":{"x":[0.333,0.333],"y":[0,0]},"t":180,"s":[170,170],"e":[100,100]},{"i":{"x":[0.667,0.667],"y":[1,1]},"o":{"x":[0.333,0.333],"y":[0,0]},"t":240,"s":[100,100],"e":[170,170]},{"i":{"x":[0.667,0.667],"y":[1,1]},"o":{"x":[0.333,0.333],"y":[0,0]},"t":300,"s":[170,170],"e":[100,100]},{"i":{"x":[0.667,0.667],"y":[1,1]},"o":{"x":[0.333,0.333],"y":[0,0]},"t":360,"s":[100,100],"e":[170,170]},{"i":{"x":[0.667,0.667],"y":[1,1]},"o":{"x":[0.333,0.333],"y":[0,0]},"t":420,"s":[170,170],"e":[100,100]},{"i":{"x":[0.667,0.667],"y":[1,1]},"o":{"x":[0.333,0.333],"y":[0,0]},"t":480,"s":[100,100],"e":[170,170]},{"i":{"x":[0.667,0.667],"y":[1,1]},"o":{"x":[0.333,0.333],"y":[0,0]},"t":540,"s":[170,170],"e":[100,100]},{"t":600}]},"r":{"a":0,"k":0},"o":{"a":0,"k":100},"sk":{"a":0,"k":0},"sa":{"a":0,"k":0},"nm":"Transform"}],"nm":"Group 12","bm":0,"hd":false},{"ty":"gr","it":[{"ind":0,"ty":"sh","ks":{"a":0,"k":{"i":[[0.128,0.054],[-0.545,1.785],[-0.011,0.139],[1.015,0.063],[0.372,-0.493],[0.053,-0.128],[1.785,0.545],[0.139,0.011],[0.062,-1.015],[-0.493,-0.372],[-0.128,-0.053],[0.545,-1.785],[0.011,-0.139],[-1.016,-0.062],[-0.372,0.493],[-0.054,0.128],[-1.785,-0.545],[-0.139,-0.011],[-0.063,1.016],[0.493,0.372]],"o":[[-1.712,-0.745],[0.043,-0.133],[0.062,-1.015],[-0.617,-0.037],[-0.082,0.112],[-0.746,1.712],[-0.133,-0.043],[-1.016,-0.062],[-0.037,0.617],[0.113,0.082],[1.711,0.746],[-0.043,0.133],[-0.061,1.016],[0.616,0.037],[0.082,-0.113],[0.745,-1.711],[0.133,0.043],[1.015,0.061],[0.037,-0.616],[-0.112,-0.082]],"v":[[5.595,0.113],[3.547,-4.327],[3.627,-4.736],[1.9,-6.687],[0.317,-5.956],[0.113,-5.595],[-4.328,-3.547],[-4.736,-3.627],[-6.687,-1.9],[-5.957,-0.317],[-5.595,-0.113],[-3.548,4.328],[-3.628,4.736],[-1.9,6.687],[-0.317,5.957],[-0.113,5.595],[4.327,3.548],[4.736,3.628],[6.687,1.9],[5.956,0.317]],"c":true}},"nm":"Path 1","hd":false},{"ty":"fl","c":{"a":0,"k":[0.301999978458,0.541000007181,0.941000007181,1]},"o":{"a":0,"k":100},"r":1,"bm":0,"nm":"Fill 1","hd":false},{"ty":"tr","p":{"a":0,"k":[798.695,704.843]},"a":{"a":0,"k":[0,0]},"s":{"a":1,"k":[{"i":{"x":[0.667,0.667],"y":[1,1]},"o":{"x":[0.333,0.333],"y":[0,0]},"t":0,"s":[100,100],"e":[170,170]},{"i":{"x":[0.667,0.667],"y":[1,1]},"o":{"x":[0.333,0.333],"y":[0,0]},"t":60,"s":[170,170],"e":[100,100]},{"i":{"x":[0.667,0.667],"y":[1,1]},"o":{"x":[0.333,0.333],"y":[0,0]},"t":120,"s":[100,100],"e":[170,170]},{"i":{"x":[0.667,0.667],"y":[1,1]},"o":{"x":[0.333,0.333],"y":[0,0]},"t":180,"s":[170,170],"e":[100,100]},{"i":{"x":[0.667,0.667],"y":[1,1]},"o":{"x":[0.333,0.333],"y":[0,0]},"t":240,"s":[100,100],"e":[170,170]},{"i":{"x":[0.667,0.667],"y":[1,1]},"o":{"x":[0.333,0.333],"y":[0,0]},"t":300,"s":[170,170],"e":[100,100]},{"i":{"x":[0.667,0.667],"y":[1,1]},"o":{"x":[0.333,0.333],"y":[0,0]},"t":360,"s":[100,100],"e":[170,170]},{"i":{"x":[0.667,0.667],"y":[1,1]},"o":{"x":[0.333,0.333],"y":[0,0]},"t":420,"s":[170,170],"e":[100,100]},{"i":{"x":[0.667,0.667],"y":[1,1]},"o":{"x":[0.333,0.333],"y":[0,0]},"t":480,"s":[100,100],"e":[170,170]},{"i":{"x":[0.667,0.667],"y":[1,1]},"o":{"x":[0.333,0.333],"y":[0,0]},"t":540,"s":[170,170],"e":[100,100]},{"t":600}]},"r":{"a":0,"k":0},"o":{"a":0,"k":100},"sk":{"a":0,"k":0},"sa":{"a":0,"k":0},"nm":"Transform"}],"nm":"Group 13","bm":0,"hd":false},{"ty":"gr","it":[{"ind":0,"ty":"sh","ks":{"a":0,"k":{"i":[[0.128,0.053],[-0.545,1.785],[-0.011,0.139],[1.015,0.062],[0.372,-0.493],[0.053,-0.128],[1.785,0.545],[0.139,0.011],[0.062,-1.016],[-0.494,-0.372],[-0.128,-0.054],[0.545,-1.786],[0.011,-0.139],[-1.016,-0.061],[-0.372,0.494],[-0.054,0.128],[-1.785,-0.544],[-0.139,-0.011],[-0.063,1.016],[0.493,0.372]],"o":[[-1.712,-0.746],[0.043,-0.132],[0.062,-1.016],[-0.617,-0.037],[-0.082,0.112],[-0.746,1.711],[-0.133,-0.042],[-1.016,-0.061],[-0.037,0.617],[0.113,0.082],[1.711,0.745],[-0.043,0.132],[-0.061,1.015],[0.616,0.038],[0.082,-0.112],[0.745,-1.712],[0.133,0.043],[1.015,0.062],[0.037,-0.617],[-0.112,-0.082]],"v":[[5.595,0.113],[3.547,-4.328],[3.627,-4.736],[1.9,-6.687],[0.317,-5.957],[0.113,-5.595],[-4.328,-3.548],[-4.736,-3.628],[-6.687,-1.9],[-5.957,-0.317],[-5.595,-0.113],[-3.548,4.328],[-3.628,4.736],[-1.9,6.686],[-0.317,5.956],[-0.113,5.595],[4.327,3.547],[4.736,3.627],[6.687,1.9],[5.956,0.317]],"c":true}},"nm":"Path 1","hd":false},{"ty":"fl","c":{"a":0,"k":[0.301999978458,0.541000007181,0.941000007181,1]},"o":{"a":0,"k":100},"r":1,"bm":0,"nm":"Fill 1","hd":false},{"ty":"tr","p":{"a":0,"k":[698.695,76.844]},"a":{"a":0,"k":[0,0]},"s":{"a":1,"k":[{"i":{"x":[0.667,0.667],"y":[1,1]},"o":{"x":[0.333,0.333],"y":[0,0]},"t":0,"s":[100,100],"e":[170,170]},{"i":{"x":[0.667,0.667],"y":[1,1]},"o":{"x":[0.333,0.333],"y":[0,0]},"t":60,"s":[170,170],"e":[100,100]},{"i":{"x":[0.667,0.667],"y":[1,1]},"o":{"x":[0.333,0.333],"y":[0,0]},"t":120,"s":[100,100],"e":[170,170]},{"i":{"x":[0.667,0.667],"y":[1,1]},"o":{"x":[0.333,0.333],"y":[0,0]},"t":180,"s":[170,170],"e":[100,100]},{"i":{"x":[0.667,0.667],"y":[1,1]},"o":{"x":[0.333,0.333],"y":[0,0]},"t":240,"s":[100,100],"e":[170,170]},{"i":{"x":[0.667,0.667],"y":[1,1]},"o":{"x":[0.333,0.333],"y":[0,0]},"t":300,"s":[170,170],"e":[100,100]},{"i":{"x":[0.667,0.667],"y":[1,1]},"o":{"x":[0.333,0.333],"y":[0,0]},"t":360,"s":[100,100],"e":[170,170]},{"i":{"x":[0.667,0.667],"y":[1,1]},"o":{"x":[0.333,0.333],"y":[0,0]},"t":420,"s":[170,170],"e":[100,100]},{"i":{"x":[0.667,0.667],"y":[1,1]},"o":{"x":[0.333,0.333],"y":[0,0]},"t":480,"s":[100,100],"e":[170,170]},{"i":{"x":[0.667,0.667],"y":[1,1]},"o":{"x":[0.333,0.333],"y":[0,0]},"t":540,"s":[170,170],"e":[100,100]},{"t":600}]},"r":{"a":0,"k":0},"o":{"a":0,"k":100},"sk":{"a":0,"k":0},"sa":{"a":0,"k":0},"nm":"Transform"}],"nm":"Group 14","bm":0,"hd":false},{"ty":"gr","it":[{"ind":0,"ty":"sh","ks":{"a":0,"k":{"i":[[-3.313,0],[0,-3.313],[3.313,0],[0,3.313]],"o":[[3.313,0],[0,3.313],[-3.313,0],[0,-3.313]],"v":[[0,-6],[6,0],[0,6],[-6,0]],"c":true}},"nm":"Path 1","hd":false},{"ty":"fl","c":{"a":0,"k":[0.961000031116,0.372999991623,0.26699999641,1]},"o":{"a":0,"k":100},"r":1,"bm":0,"nm":"Fill 1","hd":false},{"ty":"tr","p":{"a":0,"k":[850.399,485]},"a":{"a":0,"k":[0,0]},"s":{"a":1,"k":[{"i":{"x":[0.667,0.667],"y":[1,1]},"o":{"x":[0.333,0.333],"y":[0,0]},"t":0,"s":[100,100],"e":[170,170]},{"i":{"x":[0.667,0.667],"y":[1,1]},"o":{"x":[0.333,0.333],"y":[0,0]},"t":60,"s":[170,170],"e":[100,100]},{"i":{"x":[0.667,0.667],"y":[1,1]},"o":{"x":[0.333,0.333],"y":[0,0]},"t":120,"s":[100,100],"e":[170,170]},{"i":{"x":[0.667,0.667],"y":[1,1]},"o":{"x":[0.333,0.333],"y":[0,0]},"t":180,"s":[170,170],"e":[100,100]},{"i":{"x":[0.667,0.667],"y":[1,1]},"o":{"x":[0.333,0.333],"y":[0,0]},"t":240,"s":[100,100],"e":[170,170]},{"i":{"x":[0.667,0.667],"y":[1,1]},"o":{"x":[0.333,0.333],"y":[0,0]},"t":300,"s":[170,170],"e":[100,100]},{"i":{"x":[0.667,0.667],"y":[1,1]},"o":{"x":[0.333,0.333],"y":[0,0]},"t":360,"s":[100,100],"e":[170,170]},{"i":{"x":[0.667,0.667],"y":[1,1]},"o":{"x":[0.333,0.333],"y":[0,0]},"t":420,"s":[170,170],"e":[100,100]},{"i":{"x":[0.667,0.667],"y":[1,1]},"o":{"x":[0.333,0.333],"y":[0,0]},"t":480,"s":[100,100],"e":[170,170]},{"i":{"x":[0.667,0.667],"y":[1,1]},"o":{"x":[0.333,0.333],"y":[0,0]},"t":540,"s":[170,170],"e":[100,100]},{"t":600}]},"r":{"a":0,"k":0},"o":{"a":0,"k":100},"sk":{"a":0,"k":0},"sa":{"a":0,"k":0},"nm":"Transform"}],"nm":"Group 15","bm":0,"hd":false},{"ty":"gr","it":[{"ind":0,"ty":"sh","ks":{"a":0,"k":{"i":[[-3.314,0],[0,-3.313],[3.313,0],[0,3.313]],"o":[[3.313,0],[0,3.313],[-3.314,0],[0,-3.313]],"v":[[0,-6],[6,0],[0,6],[-6,0]],"c":true}},"nm":"Path 1","hd":false},{"ty":"fl","c":{"a":0,"k":[0.961000031116,0.372999991623,0.26699999641,1]},"o":{"a":0,"k":100},"r":1,"bm":0,"nm":"Fill 1","hd":false},{"ty":"tr","p":{"a":0,"k":[121.399,683]},"a":{"a":0,"k":[0,0]},"s":{"a":1,"k":[{"i":{"x":[0.667,0.667],"y":[1,1]},"o":{"x":[0.333,0.333],"y":[0,0]},"t":0,"s":[100,100],"e":[170,170]},{"i":{"x":[0.667,0.667],"y":[1,1]},"o":{"x":[0.333,0.333],"y":[0,0]},"t":60,"s":[170,170],"e":[100,100]},{"i":{"x":[0.667,0.667],"y":[1,1]},"o":{"x":[0.333,0.333],"y":[0,0]},"t":120,"s":[100,100],"e":[170,170]},{"i":{"x":[0.667,0.667],"y":[1,1]},"o":{"x":[0.333,0.333],"y":[0,0]},"t":180,"s":[170,170],"e":[100,100]},{"i":{"x":[0.667,0.667],"y":[1,1]},"o":{"x":[0.333,0.333],"y":[0,0]},"t":240,"s":[100,100],"e":[170,170]},{"i":{"x":[0.667,0.667],"y":[1,1]},"o":{"x":[0.333,0.333],"y":[0,0]},"t":300,"s":[170,170],"e":[100,100]},{"i":{"x":[0.667,0.667],"y":[1,1]},"o":{"x":[0.333,0.333],"y":[0,0]},"t":360,"s":[100,100],"e":[170,170]},{"i":{"x":[0.667,0.667],"y":[1,1]},"o":{"x":[0.333,0.333],"y":[0,0]},"t":420,"s":[170,170],"e":[100,100]},{"i":{"x":[0.667,0.667],"y":[1,1]},"o":{"x":[0.333,0.333],"y":[0,0]},"t":480,"s":[100,100],"e":[170,170]},{"i":{"x":[0.667,0.667],"y":[1,1]},"o":{"x":[0.333,0.333],"y":[0,0]},"t":540,"s":[170,170],"e":[100,100]},{"t":600}]},"r":{"a":0,"k":0},"o":{"a":0,"k":100},"sk":{"a":0,"k":0},"sa":{"a":0,"k":0},"nm":"Transform"}],"nm":"Group 16","bm":0,"hd":false},{"ty":"gr","it":[{"ind":0,"ty":"sh","ks":{"a":0,"k":{"i":[[-3.313,0],[0,-3.313],[3.313,0],[0,3.313]],"o":[[3.313,0],[0,3.313],[-3.313,0],[0,-3.313]],"v":[[0,-6],[6,0],[0,6],[-6,0]],"c":true}},"nm":"Path 1","hd":false},{"ty":"fl","c":{"a":0,"k":[0.961000031116,0.372999991623,0.26699999641,1]},"o":{"a":0,"k":100},"r":1,"bm":0,"nm":"Fill 1","hd":false},{"ty":"tr","p":{"a":0,"k":[748.399,254]},"a":{"a":0,"k":[0,0]},"s":{"a":1,"k":[{"i":{"x":[0.667,0.667],"y":[1,1]},"o":{"x":[0.333,0.333],"y":[0,0]},"t":0,"s":[100,100],"e":[170,170]},{"i":{"x":[0.667,0.667],"y":[1,1]},"o":{"x":[0.333,0.333],"y":[0,0]},"t":60,"s":[170,170],"e":[100,100]},{"i":{"x":[0.667,0.667],"y":[1,1]},"o":{"x":[0.333,0.333],"y":[0,0]},"t":120,"s":[100,100],"e":[170,170]},{"i":{"x":[0.667,0.667],"y":[1,1]},"o":{"x":[0.333,0.333],"y":[0,0]},"t":180,"s":[170,170],"e":[100,100]},{"i":{"x":[0.667,0.667],"y":[1,1]},"o":{"x":[0.333,0.333],"y":[0,0]},"t":240,"s":[100,100],"e":[170,170]},{"i":{"x":[0.667,0.667],"y":[1,1]},"o":{"x":[0.333,0.333],"y":[0,0]},"t":300,"s":[170,170],"e":[100,100]},{"i":{"x":[0.667,0.667],"y":[1,1]},"o":{"x":[0.333,0.333],"y":[0,0]},"t":360,"s":[100,100],"e":[170,170]},{"i":{"x":[0.667,0.667],"y":[1,1]},"o":{"x":[0.333,0.333],"y":[0,0]},"t":420,"s":[170,170],"e":[100,100]},{"i":{"x":[0.667,0.667],"y":[1,1]},"o":{"x":[0.333,0.333],"y":[0,0]},"t":480,"s":[100,100],"e":[170,170]},{"i":{"x":[0.667,0.667],"y":[1,1]},"o":{"x":[0.333,0.333],"y":[0,0]},"t":540,"s":[170,170],"e":[100,100]},{"t":600}]},"r":{"a":0,"k":0},"o":{"a":0,"k":100},"sk":{"a":0,"k":0},"sa":{"a":0,"k":0},"nm":"Transform"}],"nm":"Group 17","bm":0,"hd":false},{"ty":"gr","it":[{"ind":0,"ty":"sh","ks":{"a":0,"k":{"i":[[0.128,0.053],[-0.545,1.785],[-0.011,0.139],[1.016,0.062],[0.372,-0.493],[0.054,-0.128],[1.786,0.545],[0.139,0.011],[0.062,-1.016],[-0.493,-0.372],[-0.128,-0.054],[0.544,-1.786],[0.011,-0.139],[-1.016,-0.061],[-0.372,0.493],[-0.053,0.128],[-1.785,-0.544],[-0.139,-0.011],[-0.062,1.016],[0.493,0.372]],"o":[[-1.711,-0.746],[0.042,-0.132],[0.061,-1.016],[-0.617,-0.037],[-0.082,0.112],[-0.745,1.711],[-0.132,-0.042],[-1.015,-0.061],[-0.037,0.617],[0.113,0.082],[1.711,0.745],[-0.043,0.132],[-0.062,1.015],[0.617,0.038],[0.082,-0.113],[0.746,-1.711],[0.132,0.043],[1.015,0.062],[0.037,-0.617],[-0.112,-0.082]],"v":[[5.595,0.113],[3.548,-4.328],[3.628,-4.736],[1.9,-6.687],[0.317,-5.957],[0.113,-5.595],[-4.328,-3.548],[-4.736,-3.628],[-6.687,-1.9],[-5.957,-0.317],[-5.595,-0.113],[-3.547,4.328],[-3.627,4.736],[-1.9,6.686],[-0.317,5.957],[-0.113,5.595],[4.328,3.547],[4.736,3.627],[6.687,1.9],[5.957,0.317]],"c":true}},"nm":"Path 1","hd":false},{"ty":"fl","c":{"a":0,"k":[0.301999978458,0.541000007181,0.941000007181,1]},"o":{"a":0,"k":100},"r":1,"bm":0,"nm":"Fill 1","hd":false},{"ty":"tr","p":{"a":0,"k":[13.695,372.844]},"a":{"a":0,"k":[0,0]},"s":{"a":1,"k":[{"i":{"x":[0.667,0.667],"y":[1,1]},"o":{"x":[0.333,0.333],"y":[0,0]},"t":0,"s":[100,100],"e":[170,170]},{"i":{"x":[0.667,0.667],"y":[1,1]},"o":{"x":[0.333,0.333],"y":[0,0]},"t":60,"s":[170,170],"e":[100,100]},{"i":{"x":[0.667,0.667],"y":[1,1]},"o":{"x":[0.333,0.333],"y":[0,0]},"t":120,"s":[100,100],"e":[170,170]},{"i":{"x":[0.667,0.667],"y":[1,1]},"o":{"x":[0.333,0.333],"y":[0,0]},"t":180,"s":[170,170],"e":[100,100]},{"i":{"x":[0.667,0.667],"y":[1,1]},"o":{"x":[0.333,0.333],"y":[0,0]},"t":240,"s":[100,100],"e":[170,170]},{"i":{"x":[0.667,0.667],"y":[1,1]},"o":{"x":[0.333,0.333],"y":[0,0]},"t":300,"s":[170,170],"e":[100,100]},{"i":{"x":[0.667,0.667],"y":[1,1]},"o":{"x":[0.333,0.333],"y":[0,0]},"t":360,"s":[100,100],"e":[170,170]},{"i":{"x":[0.667,0.667],"y":[1,1]},"o":{"x":[0.333,0.333],"y":[0,0]},"t":420,"s":[170,170],"e":[100,100]},{"i":{"x":[0.667,0.667],"y":[1,1]},"o":{"x":[0.333,0.333],"y":[0,0]},"t":480,"s":[100,100],"e":[170,170]},{"i":{"x":[0.667,0.667],"y":[1,1]},"o":{"x":[0.333,0.333],"y":[0,0]},"t":540,"s":[170,170],"e":[100,100]},{"t":600}]},"r":{"a":0,"k":0},"o":{"a":0,"k":100},"sk":{"a":0,"k":0},"sa":{"a":0,"k":0},"nm":"Transform"}],"nm":"Group 18","bm":0,"hd":false},{"ty":"gr","it":[{"ind":0,"ty":"sh","ks":{"a":0,"k":{"i":[[0.128,0.053],[-0.545,1.785],[-0.011,0.139],[1.016,0.062],[0.372,-0.493],[0.054,-0.128],[1.786,0.545],[0.139,0.011],[0.062,-1.016],[-0.493,-0.372],[-0.128,-0.054],[0.544,-1.786],[0.011,-0.139],[-1.016,-0.061],[-0.372,0.493],[-0.053,0.128],[-1.785,-0.544],[-0.139,-0.011],[-0.062,1.016],[0.493,0.372]],"o":[[-1.711,-0.746],[0.042,-0.132],[0.061,-1.016],[-0.617,-0.037],[-0.082,0.112],[-0.745,1.711],[-0.132,-0.042],[-1.015,-0.061],[-0.037,0.617],[0.113,0.082],[1.711,0.745],[-0.043,0.132],[-0.062,1.015],[0.617,0.038],[0.082,-0.113],[0.746,-1.712],[0.132,0.043],[1.015,0.062],[0.037,-0.617],[-0.112,-0.082]],"v":[[5.595,0.113],[3.548,-4.328],[3.628,-4.736],[1.9,-6.687],[0.317,-5.957],[0.113,-5.595],[-4.328,-3.548],[-4.736,-3.628],[-6.687,-1.9],[-5.957,-0.317],[-5.595,-0.113],[-3.547,4.328],[-3.627,4.736],[-1.9,6.686],[-0.317,5.957],[-0.113,5.595],[4.328,3.547],[4.736,3.627],[6.687,1.9],[5.957,0.317]],"c":true}},"nm":"Path 1","hd":false},{"ty":"fl","c":{"a":0,"k":[0.301999978458,0.541000007181,0.941000007181,1]},"o":{"a":0,"k":100},"r":1,"bm":0,"nm":"Fill 1","hd":false},{"ty":"tr","p":{"a":0,"k":[159.695,47.844]},"a":{"a":0,"k":[0,0]},"s":{"a":1,"k":[{"i":{"x":[0.667,0.667],"y":[1,1]},"o":{"x":[0.333,0.333],"y":[0,0]},"t":0,"s":[100,100],"e":[170,170]},{"i":{"x":[0.667,0.667],"y":[1,1]},"o":{"x":[0.333,0.333],"y":[0,0]},"t":60,"s":[170,170],"e":[100,100]},{"i":{"x":[0.667,0.667],"y":[1,1]},"o":{"x":[0.333,0.333],"y":[0,0]},"t":120,"s":[100,100],"e":[170,170]},{"i":{"x":[0.667,0.667],"y":[1,1]},"o":{"x":[0.333,0.333],"y":[0,0]},"t":180,"s":[170,170],"e":[100,100]},{"i":{"x":[0.667,0.667],"y":[1,1]},"o":{"x":[0.333,0.333],"y":[0,0]},"t":240,"s":[100,100],"e":[170,170]},{"i":{"x":[0.667,0.667],"y":[1,1]},"o":{"x":[0.333,0.333],"y":[0,0]},"t":300,"s":[170,170],"e":[100,100]},{"i":{"x":[0.667,0.667],"y":[1,1]},"o":{"x":[0.333,0.333],"y":[0,0]},"t":360,"s":[100,100],"e":[170,170]},{"i":{"x":[0.667,0.667],"y":[1,1]},"o":{"x":[0.333,0.333],"y":[0,0]},"t":420,"s":[170,170],"e":[100,100]},{"i":{"x":[0.667,0.667],"y":[1,1]},"o":{"x":[0.333,0.333],"y":[0,0]},"t":480,"s":[100,100],"e":[170,170]},{"i":{"x":[0.667,0.667],"y":[1,1]},"o":{"x":[0.333,0.333],"y":[0,0]},"t":540,"s":[170,170],"e":[100,100]},{"t":600}]},"r":{"a":0,"k":0},"o":{"a":0,"k":100},"sk":{"a":0,"k":0},"sa":{"a":0,"k":0},"nm":"Transform"}],"nm":"Group 19","bm":0,"hd":false}],"ip":0,"op":600,"st":0,"bm":0}],"markers":[]}